mean_predicted_prob,fraction_positive
0.02800065868241292,0.03874512071707387
0.14341787164258124,0.19213973799126638
0.2475574427681802,0.26322263222632225
0.3468248080106298,0.3519108280254777
0.4494287137085719,0.41379310344827586
0.5500454731416284,0.5219298245614035
0.651347625113669,0.6047619047619047
0.7517018542446271,0.7070707070707071
0.850656823917005,0.8259958071278826
0.9456949411418759,0.9400428265524625
